[
  {
    "name": "All Saints Catholic Church",
    "lat": "44.6619150",
    "lng": "-93.2454070",
    "address": "19795 Holyoke Ave",
    "city": "Lakeville",
    "state": "MN",
    "zip": "55044",
    "website": "http://www.allsaintschurch.com",
    "phone": "(952) 469-4481",
    "id": 1
  },
  {
    "name": "Annunciation Catholic Church",
    "lat": "44.5149540",
    "lng": "-93.2865659",
    "address": "4996 Hazelwood Ave",
    "city": "Northfield",
    "state": "MN",
    "zip": "55057-4255",
    "website": "",
    "phone": "(952) 652-2625",
    "id": 2
  },
  {
    "name": "Annunciation Catholic Church",
    "lat": "44.9049038",
    "lng": "-93.2857992",
    "address": "509 54th St W",
    "city": "Minneapolis",
    "state": "MN",
    "zip": "55419",
    "website": "http://www.annunciationmsp.org",
    "phone": "(612) 824-9993",
    "id": 3
  },
  {
    "name": "Ascension Catholic Church",
    "lat": "44.9967362",
    "lng": "-93.2910570",
    "address": "1723 Bryant Ave N",
    "city": "Minneapolis",
    "state": "MN",
    "zip": "55411",
    "website": "http://www.ascensionmpls.org",
    "phone": "(612) 529-9684",
    "id": 4
  },
  {
    "name": "Ascension Catholic Church",
    "lat": "44.7711660",
    "lng": "-93.9306440",
    "address": "323 Reform Street N",
    "city": "Norwood Young America",
    "state": "MN",
    "zip": "55368",
    "website": "http://www.ascensionnya.org",
    "phone": "(952) 467-3351",
    "id": 5
  },
  {
    "name": "Assumption Catholic Church",
    "lat": "44.9476170",
    "lng": "-93.0994340",
    "address": "51 7th St W",
    "city": "Saint Paul",
    "state": "MN",
    "zip": "55102",
    "website": "http://assumptionsp.org",
    "phone": "(651) 224-7536",
    "id": 6
  },
  {
    "name": "Assumption Catholic Church",
    "lat": "44.8629470",
    "lng": "-93.2729510",
    "address": "305 E 77th St",
    "city": "Richfield",
    "state": "MN",
    "zip": "55423-4312",
    "website": "http://www.assumptionrichfield.org",
    "phone": "(612) 866-5019",
    "id": 7
  },
  {
    "name": "Basilica of Saint Mary Catholic Church",
    "lat": "44.9734168",
    "lng": "-93.2857610",
    "address": "88 17th St N",
    "city": "Minneapolis",
    "state": "MN",
    "zip": "55405",
    "website": "http://www.mary.org",
    "phone": "(612) 333-1381",
    "id": 8
  },
  {
    "name": "Blessed Sacrament Catholic Church",
    "lat": "44.9695570",
    "lng": "-93.0104670",
    "address": "2119 Stillwater Ave E",
    "city": "Saint Paul",
    "state": "MN",
    "zip": "55119-3599",
    "website": "http://www.blessedsacramentsp.org/",
    "phone": "(651) 738-0677",
    "id": 9
  },
  {
    "name": "Cathedral of Saint Paul Catholic Church",
    "lat": "44.9465496",
    "lng": "-93.1088166",
    "address": "239 Selby Ave",
    "city": "Saint Paul",
    "state": "MN",
    "zip": "55102",
    "website": "http://www.cathedralsaintpaul.org",
    "phone": "(651) 228-1766",
    "id": 10
  },
  {
    "name": "Christ the King Catholic Church",
    "lat": "44.9117405",
    "lng": "-93.3213807",
    "address": "5029 Zenith Ave S",
    "city": "Minneapolis",
    "state": "MN",
    "zip": "55410",
    "website": "http://ctkmpls.org",
    "phone": "(612) 920-5030",
    "id": 11
  },
  {
    "name": "Church of All Saints",
    "lat": "44.9936595",
    "lng": "-93.2584795",
    "address": "435 4th St NE",
    "city": "Minneapolis",
    "state": "MN",
    "zip": "55413-2037",
    "website": "http://www.fsspminneapolis.org",
    "phone": "(612) 379-4996",
    "id": 12
  },
  {
    "name": "Corpus Christi Catholic Church",
    "lat": "45.0049640",
    "lng": "-93.1783109",
    "address": "2131 Fairview Ave N",
    "city": "Roseville",
    "state": "MN",
    "zip": "55113",
    "website": "http://www.churchofcorpuschristi.org",
    "phone": "(651) 639-8888",
    "id": 13
  },
  {
    "name": "Divine Mercy Catholic Church",
    "lat": "44.2591670",
    "lng": "-93.2697270",
    "address": "139 Mercy Drive",
    "city": "Faribault",
    "state": "MN",
    "zip": "55021",
    "website": "http://divinemercy.cc",
    "phone": "(507) 334-2266",
    "id": 14
  },
  {
    "name": "Epiphany Catholic Church",
    "lat": "45.1696870",
    "lng": "-93.3127430",
    "address": "1900 111th Ave NW",
    "city": "Coon Rapids",
    "state": "MN",
    "zip": "55433-3728",
    "website": "http://www.epiphanymn.org",
    "phone": "(763) 755-1020",
    "id": 15
  },
  {
    "name": "Gichitwaa Kateri Catholic Church",
    "lat": "44.9469000",
    "lng": "-93.2647830",
    "address": "3045 Park Avenue",
    "city": "Minneapolis",
    "state": "MN",
    "zip": "55407-1517",
    "website": "http://www.katerimpls.org",
    "phone": "(612) 824-7606",
    "id": 16
  },
  {
    "name": "Good Shepherd Catholic Church",
    "lat": "44.9771340",
    "lng": "-93.3665040",
    "address": "145 Jersey Ave S",
    "city": "Golden Valley",
    "state": "MN",
    "zip": "55426-1527",
    "website": "http://www.goodshepherdgv.org",
    "phone": "(763) 544-0416",
    "id": 17
  },
  {
    "name": "Guardian Angels Catholic Church",
    "lat": "44.9525369",
    "lng": "-92.9379009",
    "address": "8260 4th St N",
    "city": "Oakdale",
    "state": "MN",
    "zip": "55128-7038",
    "website": "http://www.guardian-angels.org",
    "phone": "(651) 738-2223",
    "id": 18
  },
  {
    "name": "Guardian Angels Catholic Church",
    "lat": "44.7842610",
    "lng": "-93.6020590",
    "address": "218 Second St W",
    "city": "Chaska",
    "state": "MN",
    "zip": "55318-1813",
    "website": "http://www.gachaska.org",
    "phone": "(952) 227-4000",
    "id": 19
  },
  {
    "name": "Holy Childhood Catholic Church",
    "lat": "44.9813505",
    "lng": "-93.1609551",
    "address": "1435 Midway Pkwy",
    "city": "Saint Paul",
    "state": "MN",
    "zip": "55108-2419",
    "website": "https://www.holychildhoodparish.org/",
    "phone": "(651) 644-7495",
    "id": 20
  },
  {
    "name": "Holy Cross Catholic Church",
    "lat": "45.0048869",
    "lng": "-93.2623459",
    "address": "1621 University Ave NE",
    "city": "Minneapolis",
    "state": "MN",
    "zip": "55413-1231",
    "website": "http://www.ourholycross.org",
    "phone": "(612) 789-7238",
    "id": 21
  },
  {
    "name": "Holy Family Catholic Church",
    "lat": "44.9460150",
    "lng": "-93.3548020",
    "address": "5900 W Lake St",
    "city": "Saint Louis Park",
    "state": "MN",
    "zip": "55416-2033",
    "website": "http://www.hfcmn.org",
    "phone": "(952) 929-0113",
    "id": 22
  },
  {
    "name": "Holy Name Catholic Church",
    "lat": "44.9370800",
    "lng": "-93.2586397",
    "address": "3637 11th Ave S",
    "city": "Minneapolis",
    "state": "MN",
    "zip": "55407-2625",
    "website": "http://www.churchoftheholyname.org",
    "phone": "(612) 724-5465",
    "id": 23
  },
  {
    "name": "Holy Name of Jesus Catholic Church",
    "lat": "45.0142492",
    "lng": "-93.5257463",
    "address": "155 County Road 24",
    "city": "Medina",
    "state": "MN",
    "zip": "55391-9614",
    "website": "http://www.hnoj.org",
    "phone": "(763) 473-7901",
    "id": 24
  },
  {
    "name": "Holy Rosary Catholic Church",
    "lat": "44.9583981",
    "lng": "-93.2487543",
    "address": "2424 18th Ave S",
    "city": "Minneapolis",
    "state": "MN",
    "zip": "55404-4006",
    "website": "http://holyrosaryop.org/",
    "phone": "(612) 724-3651",
    "id": 25
  },
  {
    "name": "Holy Spirit Catholic Church",
    "lat": "44.9260440",
    "lng": "-93.1597840",
    "address": "515 Albert St S",
    "city": "Saint Paul",
    "state": "MN",
    "zip": "55116-1611",
    "website": "http://www.holy-spirit.org",
    "phone": "(651) 698-3353",
    "id": 26
  },
  {
    "name": "Holy Trinity Catholic Church",
    "lat": "44.4015055",
    "lng": "-92.6270450",
    "address": "211 4th St N",
    "city": "Goodhue",
    "state": "MN",
    "zip": "55027-9104",
    "website": ["http://www.holytrinitygoodhue.org", ""],
    "phone": "(651) 923-4472",
    "id": 27
  },
  {
    "name": "Holy Trinity Catholic Church",
    "lat": "44.2159061",
    "lng": "-93.5635729",
    "address": "506 Common St",
    "city": "Waterville",
    "state": "MN",
    "zip": "56096-1513",
    "website": "",
    "phone": "(507) 362-4311",
    "id": 28
  },
  {
    "name": "Holy Trinity Catholic Church",
    "lat": "44.8790174",
    "lng": "-93.0411919",
    "address": "749 6th Ave S",
    "city": "South Saint Paul",
    "state": "MN",
    "zip": "55075-3034",
    "website": "http://holytrinitysspmn.org/",
    "phone": "(651) 455-1302",
    "id": 29
  },
  {
    "name": "Immaculate Conception Catholic Church",
    "lat": "45.0418680",
    "lng": "-93.2505450",
    "address": "4030 Jackson St NE",
    "city": "Columbia Heights",
    "state": "MN",
    "zip": "55421-2929",
    "website": "http://www.iccsonline.org",
    "phone": "(763) 788-9062",
    "id": 30
  },
  {
    "name": "Immaculate Conception Catholic Church",
    "lat": "44.9648840",
    "lng": "-93.8486840",
    "address": "109 Angel Ave NW",
    "city": "Watertown",
    "state": "MN",
    "zip": "55388-0548",
    "website": "http://www.iccwatertown.org",
    "phone": "(952) 955-1458",
    "id": 31
  },
  {
    "name": "Immaculate Conception Catholic Church",
    "lat": "44.4801140",
    "lng": "-93.4254020",
    "address": "202 Alabama St SE",
    "city": "Lonsdale",
    "state": "MN",
    "zip": "55046",
    "website": "http://www.churchoftheimmaculateconception.net",
    "phone": "(507) 744-2829",
    "id": 32
  },
  {
    "name": "Immaculate Conception Catholic Church of Marysburg",
    "lat": "44.2044116",
    "lng": "-93.8155080",
    "address": "27528 Patrick St",
    "city": "Madison Lake",
    "state": "MN",
    "zip": "56063-4117",
    "website": "http://maryschurches.com/",
    "phone": "(507) 243-3166",
    "id": 33
  },
  {
    "name": "Immaculate Heart of Mary Catholic Church",
    "lat": "44.9122540",
    "lng": "-93.4510300",
    "address": "13505 Excelsior Blvd",
    "city": "Minnetonka",
    "state": "MN",
    "zip": "55345-4913",
    "website": "http://www.ihm-cc.org",
    "phone": "(952) 935-1432",
    "id": 34
  },
  {
    "name": "Incarnation Catholic Church",
    "lat": "44.9336840",
    "lng": "-93.2826010",
    "address": "3817 Pleasant Ave",
    "city": "Minneapolis",
    "state": "MN",
    "zip": "55409-1228",
    "website": "http://www.inc-scj.org/",
    "phone": "(612) 822-2101",
    "id": 35
  },
  {
    "name": "Lumen Christi Catholic Community",
    "lat": "44.9165689",
    "lng": "-93.1869069",
    "address": "2055 Bohland Ave",
    "city": "Saint Paul",
    "state": "MN",
    "zip": "55116-1911",
    "website": "http://www.lumenchristicc.org",
    "phone": "(651) 698-5581",
    "id": 36
  },
  {
    "name": "Mary, Mother of the Church Catholic Church",
    "lat": "44.7893560",
    "lng": "-93.2305700",
    "address": "3333 Cliff Rd E",
    "city": "Burnsville",
    "state": "MN",
    "zip": "55337-3306",
    "website": "http://www.mmotc.org",
    "phone": "(952) 890-0045",
    "id": 37
  },
  {
    "name": "Mary, Queen of Peace Catholic Church",
    "lat": "45.1893550",
    "lng": "-93.5500040",
    "address": "21304 Church Ave",
    "city": "Rogers",
    "state": "MN",
    "zip": "55374-9189",
    "website": "http://mqpcatholic.org",
    "phone": "(763) 428-2585",
    "id": 38
  },
  {
    "name": "Maternity of the Blessed Virgin Catholic Church",
    "lat": "44.9833834",
    "lng": "-93.1261024",
    "address": "1414 Dale St N",
    "city": "Saint Paul",
    "state": "MN",
    "zip": "55117-4153",
    "website": "http://www.maternityofmarychurch.org",
    "phone": "(651) 489-8825",
    "id": 39
  },
  {
    "name": "Most Holy Redeemer Catholic Church",
    "lat": "44.4388212",
    "lng": "-93.5832404",
    "address": "206 Vine Ave W",
    "city": "Montgomery",
    "state": "MN",
    "zip": "56069-1063",
    "website": "http://www.hredeemerparish.org",
    "phone": "(507) 364-7981",
    "id": 40
  },
  {
    "name": "Most Holy Trinity Catholic Church",
    "lat": "44.5156260",
    "lng": "-93.4599730",
    "address": "4939 Washington St",
    "city": "Veseli",
    "state": "MN",
    "zip": "55046-4007",
    "website": "http://www.mhtveseli.com",
    "phone": "(507) 744-2823",
    "id": 41
  },
  {
    "name": "Nativity Catholic Church",
    "lat": "44.3234189",
    "lng": "-93.8411871",
    "address": "200 West Main St",
    "city": "Cleveland",
    "state": "MN",
    "zip": "56017-0187",
    "website": "http://maryschurches.com/",
    "phone": "(507) 243-3166",
    "id": 42
  },
  {
    "name": "Nativity of Our Lord Catholic Church",
    "lat": "44.9322333",
    "lng": "-93.1817141",
    "address": "1900 Wellesley Ave",
    "city": "Saint Paul",
    "state": "MN",
    "zip": "55105-1617",
    "website": "http://www.nativity-mn.org",
    "phone": "(651) 696-5401",
    "id": 43
  },
  {
    "name": "Nativity of the Blessed Virgin Mary Catholic Church",
    "lat": "44.8230950",
    "lng": "-93.2898580",
    "address": "9900 Lyndale Ave S",
    "city": "Bloomington",
    "state": "MN",
    "zip": "55420-4733",
    "website": "http://www.nativitybloomington.org",
    "phone": "(952) 881-8671",
    "id": 44
  },
  {
    "name": "Our Lady of Grace Catholic Church",
    "lat": "44.9096003",
    "lng": "-93.3522537",
    "address": "5071 Eden Ave",
    "city": "Edina",
    "state": "MN",
    "zip": "55436-2308",
    "website": "http://www.olgparish.org",
    "phone": "(952) 929-3317",
    "id": 45
  },
  {
    "name": "Our Lady of Guadalupe Catholic Church",
    "lat": "44.9272030",
    "lng": "-93.0681479",
    "address": "401 Concord St",
    "city": "Saint Paul",
    "state": "MN",
    "zip": "55107-2475",
    "website": "",
    "phone": "(651) 228-0506",
    "id": 46
  },
  {
    "name": "Our Lady of Lourdes Catholic Church",
    "lat": "44.9871745",
    "lng": "-93.2586497",
    "address": "1 Lourdes Place",
    "city": "Minneapolis",
    "state": "MN",
    "zip": "55414-1018",
    "website": "http://ourladyoflourdesmn.com",
    "phone": "(612) 379-2259",
    "id": 47
  },
  {
    "name": "Our Lady of Mount Carmel Catholic Church",
    "lat": "44.9970455",
    "lng": "-93.2421025",
    "address": "701 Fillmore St NE",
    "city": "Minneapolis",
    "state": "MN",
    "zip": "55413-2525",
    "website": "http://www.olmcmpls.org",
    "phone": "(612) 623-4019",
    "id": 48
  },
  {
    "name": "Our Lady of Peace Catholic Church",
    "lat": "44.9047718",
    "lng": "-93.2575807",
    "address": "5426 12th Ave S",
    "city": "Minneapolis",
    "state": "MN",
    "zip": "55417",
    "website": "http://www.olpmn.org",
    "phone": "(612) 824-3455",
    "id": 49
  },
  {
    "name": "Our Lady of the Lake Catholic Church",
    "lat": "44.9352840",
    "lng": "-93.6676250",
    "address": "2385 Commerce Blvd",
    "city": "Mound",
    "state": "MN",
    "zip": "55364-1427",
    "website": "http://www.ourladyofthelake.com",
    "phone": "(952) 472-1284",
    "id": 50
  },
  {
    "name": "Our Lady of the Prairie Catholic Church",
    "lat": "44.6245530",
    "lng": "-93.7660020",
    "address": "200 E Church St",
    "city": "Belle Plaine",
    "state": "MN",
    "zip": "56011-1816",
    "website": "http://www.ourladyoftheprairie.com",
    "phone": "(952) 873-6564",
    "id": 51
  },
  {
    "name": "Our Lady of Victory Catholic Church",
    "lat": "45.0485151",
    "lng": "-93.2953659",
    "address": "5155 Emerson Ave N",
    "city": "Minneapolis",
    "state": "MN",
    "zip": "55430-3414",
    "website": "",
    "phone": "(612) 529-7788",
    "id": 52
  },
  {
    "name": "Pax Christi Catholic Church",
    "lat": "44.8310370",
    "lng": "-93.4318399",
    "address": "12100 Pioneer Trail",
    "city": "Eden Prairie",
    "state": "MN",
    "zip": "55347-4208",
    "website": "http://www.paxchristi.com",
    "phone": "(952) 941-3150",
    "id": 53
  },
  {
    "name": "Presentation of the Blessed Virgin Mary Catholic Church",
    "lat": "44.9929150",
    "lng": "-93.0320009",
    "address": "1725 Kennard Street",
    "city": "Maplewood",
    "state": "MN",
    "zip": "55109-4603",
    "website": "http://www.presentationofmary.org",
    "phone": "(651) 777-8116",
    "id": 54
  },
  {
    "name": "Risen Savior Catholic Church",
    "lat": "44.7341878",
    "lng": "-93.2547133",
    "address": "1501 County Road 42 E",
    "city": "Burnsville",
    "state": "MN",
    "zip": "55306-4723",
    "website": "http://www.risensavior.org",
    "phone": "(952) 431-5222",
    "id": 55
  },
  {
    "name": "Sacred Heart Catholic Church",
    "lat": "44.9598940",
    "lng": "-93.0654920",
    "address": "840 6th Street East",
    "city": "Saint Paul",
    "state": "MN",
    "zip": "55106-4543",
    "website": "https://www.facebook.com/Sacred-Heart-Catholic-Church-St-Paul-136340416436683/timeline/",
    "phone": "(651) 776-2741",
    "id": 56
  },
  {
    "name": "Sacred Heart Catholic Church",
    "lat": "45.6844670",
    "lng": "-92.9684410",
    "address": "425 Field Avenue",
    "city": "Rush City",
    "state": "MN",
    "zip": "55069-0045",
    "website": "http://www.sacredheartrushcity.org",
    "phone": "(320) 358-4370",
    "id": 57
  },
  {
    "name": "Sacred Heart Catholic Church",
    "lat": "45.0289964",
    "lng": "-93.3368241",
    "address": "4087 W Broadway Avenue",
    "city": "Robbinsdale",
    "state": "MN",
    "zip": "55422-2232",
    "website": "http://www.shrmn.org/",
    "phone": "(763) 537-4561",
    "id": 58
  },
  {
    "name": "Sagrado Corazon de Jesus Catholic Church",
    "lat": "44.9339333",
    "lng": "-93.2828890",
    "address": "3817 Pleasant Avenue",
    "city": "Minneapolis",
    "state": "MN",
    "zip": "55409",
    "website": "http://www.inc-scj.org/",
    "phone": "(612) 874-7169",
    "id": 59
  },
  {
    "name": "Saint Ambrose of Woodbury Catholic Church",
    "lat": "44.8872890",
    "lng": "-92.9007890",
    "address": "4125 Woodbury Dr",
    "city": "Woodbury",
    "state": "MN",
    "zip": "55129-9627",
    "website": "http://www.saintambroseofwoodbury.org",
    "phone": "(651) 768-3030",
    "id": 60
  },
  {
    "name": "Ss Cyril and Methodius Catholic Church",
    "lat": "45.0013980",
    "lng": "-93.2652740",
    "address": "1301 2nd St NE",
    "city": "Minneapolis",
    "state": "MN",
    "zip": "55413-1131",
    "website": "",
    "phone": "(612) 379-9736",
    "id": 61
  },
  {
    "name": "Ss Joachim and Anne Parish Office",
    "lat": "44.7710080",
    "lng": "-93.4862290",
    "address": "2700 17th Ave E",
    "city": "Shakopee",
    "state": "MN",
    "zip": "55379-4443",
    "website": "http://www.shakopeecatholic.org",
    "phone": "(952) 445-1319",
    "id": 62
  },
  {
    "name": "Ss Peter and Paul Catholic Church",
    "lat": "45.0537057",
    "lng": "-93.6344633",
    "address": "145 Railway St E",
    "city": "Loretto",
    "state": "MN",
    "zip": "55357-0096",
    "website": "http://saintsppta.org/",
    "phone": "(763) 479-0535",
    "id": 63
  },
  {
    "name": "St Adalbert Catholic Church",
    "lat": "44.9578850",
    "lng": "-93.1112980",
    "address": "265 Charles Ave",
    "city": "Saint Paul",
    "state": "MN",
    "zip": "55103-2005",
    "website": "http://www.stadalbertchurch.org",
    "phone": "(651) 228-9002",
    "id": 64
  },
  {
    "name": "St Agatha Catholic Church",
    "lat": "44.7172189",
    "lng": "-93.0320208",
    "address": "3700 160th St E",
    "city": "Rosemount",
    "state": "MN",
    "zip": "55068-2007",
    "website": "http://saintagatha.org/",
    "phone": "(651) 437-7498",
    "id": 65
  },
  {
    "name": "St Agnes Catholic Church",
    "lat": "44.9594584",
    "lng": "-93.1234247",
    "address": "535 Thomas Ave",
    "city": "Saint Paul",
    "state": "MN",
    "zip": "55103",
    "website": "http://www.churchofsaintagnes.org",
    "phone": "(651) 925-8800",
    "id": 66
  },
  {
    "name": "St Albert Catholic Church",
    "lat": "45.2346640",
    "lng": "-93.6641168",
    "address": "11400 57th St NE",
    "city": "Albertville",
    "state": "MN",
    "zip": "55301-0127",
    "website": "http://www.stalbertschurch.org",
    "phone": "(763) 497-2474",
    "id": 67
  },
  {
    "name": "St Albert the Great Catholic Church",
    "lat": "44.9505601",
    "lng": "-93.2242948",
    "address": "2836 33rd Ave S",
    "city": "Minneapolis",
    "state": "MN",
    "zip": "55406-1626",
    "website": "http://www.saintalbertthegreat.org",
    "phone": "(612) 724-3643",
    "id": 68
  },
  {
    "name": "St Alphonsus Catholic Church",
    "lat": "45.0827839",
    "lng": "-93.3359610",
    "address": "7025 Halifax Ave N",
    "city": "Brooklyn Center",
    "state": "MN",
    "zip": "55429-1375",
    "website": "http://www.stalsmn.org",
    "phone": "(763) 561-5100",
    "id": 69
  },
  {
    "name": "St Andrew Catholic Church",
    "lat": "44.1996664",
    "lng": "-93.6705809",
    "address": "305 Park Avenue NE",
    "city": "Elysian",
    "state": "MN",
    "zip": "56028-0261",
    "website": "",
    "phone": "(507) 267-4928",
    "id": 70
  },
  {
    "name": "St Andrew Kim Catholic Church",
    "lat": "44.9813505",
    "lng": "-93.1609551",
    "address": "1435 Midway Pkwy",
    "city": "Saint Paul",
    "state": "MN",
    "zip": "55108-2419",
    "website": "http://andrewkim.us",
    "phone": "(651) 644-1605",
    "id": 71
  },
  {
    "name": "St Anne – St Joseph Hien Catholic Church",
    "lat": "45.0068083",
    "lng": "-93.3094923",
    "address": "2627 Queen Ave N",
    "city": "Minneapolis",
    "state": "MN",
    "zip": "55411-1792",
    "website": "https://gxannagiusehien.net/",
    "phone": "(612) 529-0503",
    "id": 72
  },
  {
    "name": "St Anne Catholic Church",
    "lat": "44.4616067",
    "lng": "-93.9119174",
    "address": "217 N 3rd St",
    "city": "Le Sueur",
    "state": "MN",
    "zip": "56058-1808",
    "website": "",
    "phone": "(507) 665-2047",
    "id": 73
  },
  {
    "name": "St Anne Catholic Church",
    "lat": "45.0405660",
    "lng": "-93.5283500",
    "address": "200 Hamel Rd",
    "city": "Hamel",
    "state": "MN",
    "zip": "55340-0256",
    "website": "http://www.saintannehamel.org",
    "phone": "(763) 478-6644",
    "id": 74
  },
  {
    "name": "St Austin Campus of St. Bridget Catholic Church",
    "lat": "45.0286267",
    "lng": "-93.3147971",
    "address": "4050 Upton Ave N",
    "city": "Minneapolis",
    "state": "MN",
    "zip": "55412-1506",
    "website": "http://www.stbridgetnorthside.org/",
    "phone": "",
    "id": 75
  },
  {
    "name": "St Bartholomew Catholic Church",
    "lat": "44.9725076",
    "lng": "-93.5111773",
    "address": "630 Wayzata Blvd E",
    "city": "Wayzata",
    "state": "MN",
    "zip": "55391-1704",
    "website": "http://www.st-barts.org",
    "phone": "(952) 473-6601",
    "id": 76
  },
  {
    "name": "St Bernard Catholic Church",
    "lat": "44.7735427",
    "lng": "-93.7808956",
    "address": "212 Church St E",
    "city": "Cologne",
    "state": "MN",
    "zip": "55322-9552",
    "website": "http://www.st-bernard-cologne.org",
    "phone": "(952) 466-2031",
    "id": 77
  },
  {
    "name": "St Bernard Catholic Church",
    "lat": "44.9756541",
    "lng": "-93.1079094",
    "address": "187 Geranium Ave W",
    "city": "Saint Paul",
    "state": "MN",
    "zip": "55117-4491",
    "website": "http://stbernardstpaul.org",
    "phone": "(651) 488-6733",
    "id": 78
  },
  {
    "name": "St Bonaventure Catholic Church",
    "lat": "44.8389200",
    "lng": "-93.2619670",
    "address": "901 90th St E",
    "city": "Bloomington",
    "state": "MN",
    "zip": "55420-3801",
    "website": "http://www.saintbonaventure.org",
    "phone": "(952) 854-4733",
    "id": 79
  },
  {
    "name": "St Boniface Catholic Church",
    "lat": "44.9051801",
    "lng": "-93.7473062",
    "address": "4025 Main St",
    "city": "Saint Bonifacius",
    "state": "MN",
    "zip": "55375-0068",
    "website": "http://www.stboniface-stmary.org",
    "phone": "(952) 446-1054",
    "id": 80
  },
  {
    "name": "St Boniface Catholic Church",
    "lat": "44.9951595",
    "lng": "-93.2628212",
    "address": "629 2nd St NE",
    "city": "Minneapolis",
    "state": "MN",
    "zip": "55413-1905",
    "website": "",
    "phone": "(612) 379-2761",
    "id": 81
  },
  {
    "name": "St Bridget Catholic Church",
    "lat": "45.0244340",
    "lng": "-93.2946235",
    "address": "3811 Emerson Ave N",
    "city": "Minneapolis",
    "state": "MN",
    "zip": "55412-2038",
    "website": "http://www.stbridgetnorthside.com/",
    "phone": "(612) 529-7779",
    "id": 82
  },
  {
    "name": "St Bridget of Sweden Catholic Church",
    "lat": "45.3909980",
    "lng": "-92.8422949",
    "address": "13060 Lake Blvd",
    "city": "Lindstrom",
    "state": "MN",
    "zip": "55045-0754",
    "website": "http://www.stbridgetofsweden.org",
    "phone": "(651) 257-2474",
    "id": 83
  },
  {
    "name": "St Canice Campus of Most Holy Redeemer Catholic Church",
    "lat": "44.3119734",
    "lng": "-93.5746075",
    "address": "183 Maple Street",
    "city": "Kilkenny",
    "state": "MN",
    "zip": "56052-0037",
    "website": "",
    "phone": "(507) 595-2561",
    "id": 84
  },
  {
    "name": "St Casimir Catholic Church",
    "lat": "44.9749528",
    "lng": "-93.0610383",
    "address": "934 Geranium Ave E",
    "city": "Saint Paul",
    "state": "MN",
    "zip": "55106-2610",
    "website": "http://www.stcasimirchurch.org",
    "phone": "(651) 774-0365",
    "id": 85
  },
  {
    "name": "St Catherine Campus of St Patrick Catholic Church",
    "lat": "44.6311670",
    "lng": "-93.4290930",
    "address": "4500 220th St E",
    "city": "Prior Lake",
    "state": "MN",
    "zip": "55372",
    "website": "http://www.stpandc.mn.org",
    "phone": "(952) 447-2180",
    "id": 86
  },
  {
    "name": "St Cecilia Catholic Church",
    "lat": "44.9688067",
    "lng": "-93.2002262",
    "address": "2357 Bayless Pl",
    "city": "Saint Paul",
    "state": "MN",
    "zip": "55114-1105",
    "website": "http://www.stceciliaspm.org",
    "phone": "(651) 644-4502",
    "id": 87
  },
  {
    "name": "St Charles Borromeo Catholic Church",
    "lat": "45.0174154",
    "lng": "-93.2266150",
    "address": "2739 Stinson Blvd NE",
    "city": "Saint Anthony",
    "state": "MN",
    "zip": "55418-3124",
    "website": "http://www.stchb.org",
    "phone": "(612) 781-6529",
    "id": 88
  },
  {
    "name": "St Charles Catholic Church",
    "lat": "45.0199730",
    "lng": "-92.7798830",
    "address": "409 3rd St N",
    "city": "Bayport",
    "state": "MN",
    "zip": "55003-1044",
    "website": "http://www.stcharlesbayport.com/",
    "phone": "(651) 439-4511",
    "id": 89
  },
  {
    "name": "St Clement Campus of Holy Cross Catholic Church",
    "lat": "45.0121630",
    "lng": "-93.2483036",
    "address": "911 24th Ave NE",
    "city": "Minneapolis",
    "state": "MN",
    "zip": "55418-3613",
    "website": "http://www.churchofstclement.org",
    "phone": "(612) 789-7238",
    "id": 90
  },
  {
    "name": "St Columba Catholic Church",
    "lat": "44.9606780",
    "lng": "-93.1558979",
    "address": "1327 Lafond Ave",
    "city": "Saint Paul",
    "state": "MN",
    "zip": "55104-2035",
    "website": "http://www.stcolumba.org",
    "phone": "(651) 645-9179",
    "id": 91
  },
  {
    "name": "St Columbkill Campus of Holy Trinity Catholic Church",
    "lat": "44.3969796",
    "lng": "-92.7013515",
    "address": "36483 Cty Rd 47 Blvd",
    "city": "Goodhue",
    "state": "MN",
    "zip": "55027-0275",
    "website": "http://holytrinitygoodhue.org/",
    "phone": "(651) 923-4184",
    "id": 92
  },
  {
    "name": "St Dominic Catholic Church",
    "lat": "44.4615360",
    "lng": "-93.1632140",
    "address": "216 Spring St N",
    "city": "Northfield",
    "state": "MN",
    "zip": "55057-1431",
    "website": "http://churchofstdominic.org",
    "phone": "(507) 645-8816",
    "id": 93
  },
  {
    "name": "St Edward Catholic Church",
    "lat": "44.8329659",
    "lng": "-93.3578769",
    "address": "9401 Nesbitt Ave S",
    "city": "Bloomington",
    "state": "MN",
    "zip": "55437-1943",
    "website": "http://www.stedwardschurch.org",
    "phone": "(952) 835-7101",
    "id": 94
  },
  {
    "name": "St Elizabeth Ann Seton Catholic Church",
    "lat": "44.7298509",
    "lng": "-92.8956520",
    "address": "2035 15th St W",
    "city": "Hastings",
    "state": "MN",
    "zip": "55033-9294",
    "website": "http://www.seasparish.org",
    "phone": "(651) 437-4254",
    "id": 95
  },
  {
    "name": "St Frances Cabrini Catholic Church",
    "lat": "44.9646030",
    "lng": "-93.2178675",
    "address": "1500 Franklin Ave SE",
    "city": "Minneapolis",
    "state": "MN",
    "zip": "55414-3649",
    "website": "http://www.cabrinimn.org",
    "phone": "(612) 339-3023",
    "id": 96
  },
  {
    "name": "St Francis de Sales Catholic Church",
    "lat": "44.9284390",
    "lng": "-93.1276029",
    "address": "650 Palace Ave",
    "city": "Saint Paul",
    "state": "MN",
    "zip": "55102-3540",
    "website": "http://www.sf-sj.org",
    "phone": "(651) 228-1169",
    "id": 97
  },
  {
    "name": "St Francis of Assisi Catholic Church",
    "lat": "44.9295760",
    "lng": "-92.7669770",
    "address": "16770 13th St S",
    "city": "Lake St Croix Beach",
    "state": "MN",
    "zip": "55043-9756",
    "website": "http://www.catholic-church.org/st-francis",
    "phone": "(651) 436-7817",
    "id": 98
  },
  {
    "name": "St Francis Xavier Catholic Church",
    "lat": "45.3254836",
    "lng": "-92.7529762",
    "address": "25267 Redwing Ave",
    "city": "Shafer",
    "state": "MN",
    "zip": "55074",
    "website": "http://www.stjosephtaylorsfalls.org",
    "phone": "(651) 465-7345",
    "id": 99
  },
  {
    "name": "St Francis Xavier Catholic Church",
    "lat": "45.1756646",
    "lng": "-93.8783602",
    "address": "300 First Ave NW",
    "city": "Buffalo",
    "state": "MN",
    "zip": "55313-5042",
    "website": "http://www.stfxb.org",
    "phone": "(763) 684-0075",
    "id": 100
  },
  {
    "name": "St Gabriel the Archangel Catholic Church",
    "lat": "44.9250929",
    "lng": "-93.3813860",
    "address": "6 Interlachen Road",
    "city": "Hopkins",
    "state": "MN",
    "zip": "55343-8548",
    "website": "http://stgabrielhopkins.org/",
    "phone": "(952) 935-5536",
    "id": 101
  },
  {
    "name": "St Genevieve Catholic Church",
    "lat": "45.1634890",
    "lng": "-93.0580690",
    "address": "7087 Goiffon Rd",
    "city": "Centerville",
    "state": "MN",
    "zip": "55038-9125",
    "website": "http://www.stgens.org",
    "phone": "(651) 429-7937",
    "id": 102
  },
  {
    "name": "St George Catholic Church",
    "lat": "44.9810146",
    "lng": "-93.5737686",
    "address": "133 Brown Rd N",
    "city": "Long Lake",
    "state": "MN",
    "zip": "55356-9560",
    "website": "http://www.stgeorgelonglake.org",
    "phone": "(952) 473-1247",
    "id": 103
  },
  {
    "name": "St Gerard Majella Catholic Church",
    "lat": "45.1297460",
    "lng": "-93.3441660",
    "address": "9600 Regent Ave N",
    "city": "Brooklyn Park",
    "state": "MN",
    "zip": "55443-1401",
    "website": "http://www.st-gerard.org",
    "phone": "(763) 424-8770",
    "id": 104
  },
  {
    "name": "St Gregory the Great Catholic Church",
    "lat": "45.5100190",
    "lng": "-92.9798260",
    "address": "38725 Forest Blvd",
    "city": "North Branch",
    "state": "MN",
    "zip": "55056-0609",
    "website": "http://www.stgregorynb.org",
    "phone": "(651) 674-4056",
    "id": 105
  },
  {
    "name": "St Hedwig Campus of Holy Cross",
    "lat": "45.0207840",
    "lng": "-93.2713179",
    "address": "129 29th Ave NE",
    "city": "Minneapolis",
    "state": "MN",
    "zip": "55418-1908",
    "website": "http://www.ourholycross.org/",
    "phone": "(612) 789-4830",
    "id": 106
  },
  {
    "name": "St Helena Catholic Church",
    "lat": "44.9250853",
    "lng": "-93.2256560",
    "address": "3201 43rd St E",
    "city": "Minneapolis",
    "state": "MN",
    "zip": "55406-3858",
    "website": "http://www.sainthelena.us",
    "phone": "(612) 729-7344",
    "id": 107
  },
  {
    "name": "St Henry Catholic Church",
    "lat": "45.2964191",
    "lng": "-93.7838034",
    "address": "1001 7th St E",
    "city": "Monticello",
    "state": "MN",
    "zip": "55362-8805",
    "website": "http://www.sthenrycatholic.info",
    "phone": "(763) 295-2402",
    "id": 108
  },
  {
    "name": "St Henry Catholic Church",
    "lat": "44.3864534",
    "lng": "-93.7885869",
    "address": "38807 261st Ave.",
    "city": "LeSueur",
    "state": "MN",
    "zip": "56058",
    "website": "http://www.stmarysthenry.org/",
    "phone": "(507) 357-4838",
    "id": 109
  },
  {
    "name": "St Hubert Catholic Church",
    "lat": "44.8556820",
    "lng": "-93.5333420",
    "address": "8201 Main Street",
    "city": "Chanhassen",
    "state": "MN",
    "zip": "55317-9647",
    "website": "http://www.sthubert.org",
    "phone": "(952) 934-9106",
    "id": 110
  },
  {
    "name": "St Ignatius Catholic Church",
    "lat": "45.2646480",
    "lng": "-94.1239290",
    "address": "35 Birch Street E",
    "city": "Annandale",
    "state": "MN",
    "zip": "55302-0126",
    "website": "http://www.stignatiusmn.com",
    "phone": "(320) 274-8828",
    "id": 111
  },
  {
    "name": "St Jerome Catholic Church",
    "lat": "44.9981020",
    "lng": "-93.0844040",
    "address": "380 Roselawn Ave E",
    "city": "Maplewood",
    "state": "MN",
    "zip": "55117-2033",
    "website": "http://www.stjerome-church.org",
    "phone": "(651) 771-1209",
    "id": 112
  },
  {
    "name": "St Joan of Arc Catholic Church",
    "lat": "44.9208590",
    "lng": "-93.2721399",
    "address": "4537 3rd Ave S",
    "city": "Minneapolis",
    "state": "MN",
    "zip": "55419-5111",
    "website": "http://www.stjoan.com/stjoan/index.php",
    "phone": "(612) 823-8205",
    "id": 113
  },
  {
    "name": "St John Neumann Catholic Church",
    "lat": "44.8105550",
    "lng": "-93.1653190",
    "address": "4030 Pilot Knob Rd",
    "city": "Eagan",
    "state": "MN",
    "zip": "55122-1814",
    "website": "http://www.sjn.org",
    "phone": "(651) 454-2079",
    "id": 114
  },
  {
    "name": "St John the Baptist Campus of St Genevieve",
    "lat": "45.1579070",
    "lng": "-92.9933889",
    "address": "14383 Forest Blvd N",
    "city": "Hugo",
    "state": "MN",
    "zip": "55038-9363",
    "website": "http://stgens.org/",
    "phone": "(651) 429-9170",
    "id": 115
  },
  {
    "name": "St John the Baptist Catholic Church",
    "lat": "45.0637689",
    "lng": "-93.1893924",
    "address": "835 2nd Ave NW",
    "city": "New Brighton",
    "state": "MN",
    "zip": "55112-6842",
    "website": "http://www.stjohnnb.com",
    "phone": "(651) 633-8333",
    "id": 116
  },
  {
    "name": "St John the Baptist Catholic Church",
    "lat": "44.6739400",
    "lng": "-92.9652160",
    "address": "106 Main Street W",
    "city": "Vermillion",
    "state": "MN",
    "zip": "55085-0008",
    "website": "http://www.stjohns-vermillion.com",
    "phone": "(651) 437-9030",
    "id": 117
  },
  {
    "name": "St John the Baptist Catholic Church",
    "lat": "44.7759405",
    "lng": "-93.3385777",
    "address": "4625 125th St W",
    "city": "Savage",
    "state": "MN",
    "zip": "55378-1357",
    "website": "http://www.stjohns-savage.org",
    "phone": "(952) 890-9465",
    "id": 118
  },
  {
    "name": "St John the Baptist Catholic Church",
    "lat": "44.6681480",
    "lng": "-93.6251209",
    "address": "313 Second St E",
    "city": "Jordan",
    "state": "MN",
    "zip": "55352-1447",
    "website": "http://www.sjbjordan.org/",
    "phone": "(952) 492-2640",
    "id": 119
  },
  {
    "name": "St John the Baptist Catholic Church",
    "lat": "44.8970935",
    "lng": "-93.5595620",
    "address": "680 Mill St",
    "city": "Excelsior",
    "state": "MN",
    "zip": "55331-3272",
    "website": "http://www.stjohns-excelsior.org",
    "phone": "(952) 474-8868",
    "id": 120
  },
  {
    "name": "St John the Baptist Catholic Church",
    "lat": "45.2426480",
    "lng": "-93.5144880",
    "address": "18380 Columbus St",
    "city": "Dayton",
    "state": "MN",
    "zip": "55327-0201",
    "website": "http://www.sjbdayton.org/",
    "phone": "(763) 428-2828",
    "id": 121
  },
  {
    "name": "St John the Evangelist Campus of St Gabriel the Archangel Catholic Church",
    "lat": "44.9250929",
    "lng": "-93.3813860",
    "address": "6 Interlachen Rd",
    "city": "Hopkins",
    "state": "MN",
    "zip": "55343-8548",
    "website": "http://stgabrielhopkins.org/",
    "phone": "(952) 935-5536",
    "id": 122
  },
  {
    "name": "St John the Evangelist Campus of St Wenceslaus",
    "lat": "44.5432966",
    "lng": "-93.5760652",
    "address": "20087 Hub Drive",
    "city": "New Prague",
    "state": "MN",
    "zip": "56071-4418",
    "website": "http://npcatholic.org/",
    "phone": "(952) 758-4642",
    "id": 123
  },
  {
    "name": "St John the Evangelist Catholic Church",
    "lat": "45.0209240",
    "lng": "-93.0853300",
    "address": "380 Little Canada Rd E",
    "city": "Little Canada",
    "state": "MN",
    "zip": "55117-1627",
    "website": "http://www.stjohnsoflc.org",
    "phone": "(651) 484-2708",
    "id": 124
  },
  {
    "name": "St John Vianney Catholic Church",
    "lat": "44.9051273",
    "lng": "-93.0566068",
    "address": "1815 Bromley Street",
    "city": "South Saint Paul",
    "state": "MN",
    "zip": "55075",
    "website": "http://www.sjvssp.org",
    "phone": "(651) 451-1863",
    "id": 125
  },
  {
    "name": "St Joseph Campus of St Maximilian Kolbe Catholic Church",
    "lat": "45.0443795",
    "lng": "-93.7893911",
    "address": "401 River St N",
    "city": "Delano",
    "state": "MN",
    "zip": "55328-0470",
    "website": "http://www.delanocatholic.com",
    "phone": "(763) 972-2077",
    "id": 126
  },
  {
    "name": "St Joseph Campus of St. Gabriel the Archangel Catholic Church",
    "lat": "44.9237970",
    "lng": "-93.4170819",
    "address": "1310 Mainstreet",
    "city": "Hopkins",
    "state": "MN",
    "zip": "55343-7403",
    "website": "http://www.stgabrielhopkins.org/",
    "phone": "(952) 935-5536",
    "id": 127
  },
  {
    "name": "St Joseph Catholic Church",
    "lat": "44.9110300",
    "lng": "-93.0996721",
    "address": "1154 Seminole Ave",
    "city": "West Saint Paul",
    "state": "MN",
    "zip": "55118-2020",
    "website": "http://www.churchofstjoseph.org",
    "phone": "(651) 457-2781",
    "id": 128
  },
  {
    "name": "St Joseph Catholic Church",
    "lat": "44.8490030",
    "lng": "-93.7851150",
    "address": "41 1st St E",
    "city": "Waconia",
    "state": "MN",
    "zip": "55387-1526",
    "website": "http://www.stjosephwaconia.org",
    "phone": "(952) 442-2384",
    "id": 129
  },
  {
    "name": "St Joseph Catholic Church",
    "lat": "45.4045510",
    "lng": "-92.6523140",
    "address": "490 Bench Street",
    "city": "Taylors Falls",
    "state": "MN",
    "zip": "55084-0234",
    "website": "http://www.stjosephtaylorsfalls.org",
    "phone": "(651) 465-7345",
    "id": 130
  },
  {
    "name": "St Joseph Catholic Church",
    "lat": "44.7477980",
    "lng": "-93.1132900",
    "address": "13900 Biscayne Ave W",
    "city": "Rosemount",
    "state": "MN",
    "zip": "55068-3451",
    "website": "http://www.stjosephcommunity.org",
    "phone": "(651) 423-4402",
    "id": 131
  },
  {
    "name": "St Joseph Catholic Church",
    "lat": "44.5613676",
    "lng": "-92.5296344",
    "address": "426 8th St W",
    "city": "Red Wing",
    "state": "MN",
    "zip": "55066-3410",
    "website": "http://www.stjosephredwing.org/",
    "phone": "(651) 388-1133",
    "id": 132
  },
  {
    "name": "St Joseph Catholic Church",
    "lat": "45.0207600",
    "lng": "-93.3914790",
    "address": "8701 36th Ave N",
    "city": "New Hope",
    "state": "MN",
    "zip": "55427-1769",
    "website": "http://www.stjosephparish.com",
    "phone": "(763) 544-3352",
    "id": 133
  },
  {
    "name": "St Joseph Catholic Church",
    "lat": "44.6052139",
    "lng": "-92.8076789",
    "address": "23955 Nicolai Ave E",
    "city": "Hastings",
    "state": "MN",
    "zip": "55033-9650",
    "website": "http://www.stjosephmiesville.com/",
    "phone": "(651) 437-3526",
    "id": 134
  },
  {
    "name": "St Joseph of the Lakes Catholic Church",
    "lat": "45.1689894",
    "lng": "-93.1338604",
    "address": "171 Elm St",
    "city": "Lino Lakes",
    "state": "MN",
    "zip": "55014-1271",
    "website": "https://www.mystjoes.me",
    "phone": "(651) 784-3015",
    "id": 135
  },
  {
    "name": "St Joseph the Worker Catholic Church",
    "lat": "45.0845000",
    "lng": "-93.4299650",
    "address": "7180 Hemlock Lane N",
    "city": "Maple Grove",
    "state": "MN",
    "zip": "55369-5569",
    "website": "https://www.sjtw.net",
    "phone": "(763) 425-6505",
    "id": 136
  },
  {
    "name": "St Jude of the Lake Catholic Church",
    "lat": "45.0635856",
    "lng": "-92.9578011",
    "address": "700 Mahtomedi Ave",
    "city": "Mahtomedi",
    "state": "MN",
    "zip": "55115-1673",
    "website": "https://www.stjudeofthelake.org",
    "phone": "(651) 426-3245",
    "id": 137
  },
  {
    "name": "St Katharine Drexel Catholic Church",
    "lat": "45.2308370",
    "lng": "-93.4472840",
    "address": "7101 143rd Ave NW",
    "city": "Ramsey",
    "state": "MN",
    "zip": "55303-6001",
    "website": "http://www.stkdcc.org",
    "phone": "(763) 323-4424",
    "id": 138
  },
  {
    "name": "St Lawrence Catholic Church",
    "lat": "44.9825714",
    "lng": "-93.2377306",
    "address": "1203 5th St SE",
    "city": "Minneapolis",
    "state": "MN",
    "zip": "55414-2030",
    "website": "http://www.umncatholic.org",
    "phone": "(612) 331-7941",
    "id": 139
  },
  {
    "name": "St Leonard of Port Maurice Catholic Church",
    "lat": "44.9313033",
    "lng": "-93.2714375",
    "address": "3949 Clinton Ave S",
    "city": "Minneapolis",
    "state": "MN",
    "zip": "55409-1635",
    "website": "http://stleonardmn.org/",
    "phone": "(612) 825-5811",
    "id": 140
  },
  {
    "name": "St Louis, King of France Catholic Church",
    "lat": "44.9501350",
    "lng": "-93.0964230",
    "address": "506 Cedar St",
    "city": "Saint Paul",
    "state": "MN",
    "zip": "55101-2245",
    "website": "http://www.stlouiskingoffrance.org",
    "phone": "(651) 224-3379",
    "id": 141
  },
  {
    "name": "St Luke Catholic Church",
    "lat": "45.4043440",
    "lng": "-94.0557320",
    "address": "17545 Huber Ave NW",
    "city": "Clearwater",
    "state": "MN",
    "zip": "55320-0249",
    "website": "http://www.churchofstlukes.com",
    "phone": "(320) 558-2124",
    "id": 142
  },
  {
    "name": "St Margaret Mary Catholic Church",
    "lat": "45.0031206",
    "lng": "-93.3210690",
    "address": "2323 Zenith Ave N",
    "city": "Golden Valley",
    "state": "MN",
    "zip": "55422-3853",
    "website": "http://www.smm-gv.org",
    "phone": "(763) 588-9466",
    "id": 143
  },
  {
    "name": "St Mark Campus of Ss Joachim and Anne Catholic Church",
    "lat": "44.7956419",
    "lng": "-93.5289911",
    "address": "350 Atwood St S",
    "city": "Shakopee",
    "state": "MN",
    "zip": "55379-1238",
    "website": "http://www.shakopeecatholic.org/",
    "phone": "(952) 445-1319",
    "id": 144
  },
  {
    "name": "St Mark Catholic Church",
    "lat": "44.9475520",
    "lng": "-93.1847420",
    "address": "2001 Dayton Ave",
    "city": "Saint Paul",
    "state": "MN",
    "zip": "55104-5804",
    "website": "https://onestrongfamily.org",
    "phone": "(651) 645-5717",
    "id": 145
  },
  {
    "name": "St Mary Campus of Holy Trinity Catholic Church",
    "lat": "44.3687786",
    "lng": "-92.5148907",
    "address": "221 Chester Ave",
    "city": "Bellechester",
    "state": "MN",
    "zip": "55027-9002",
    "website": "http://holytrinitygoodhue.org/",
    "phone": "(651) 923-4305",
    "id": 146
  },
  {
    "name": "St Mary Campus of Ss Joachim and Anne Catholic Church",
    "lat": "44.7942170",
    "lng": "-93.5234119",
    "address": "535 Lewis Street S",
    "city": "Shakopee",
    "state": "MN",
    "zip": "55379-4443",
    "website": "http://www.shakopeecatholic.org",
    "phone": "(952) 445-1319",
    "id": 147
  },
  {
    "name": "St Mary Catholic Church",
    "lat": "45.0522130",
    "lng": "-92.8100893",
    "address": "423 5th St S",
    "city": "Stillwater",
    "state": "MN",
    "zip": "55082-4982",
    "website": "https://www.stmarystillwater.org",
    "phone": "(651) 439-1270",
    "id": 148
  },
  {
    "name": "St Mary Catholic Church",
    "lat": "45.0670094",
    "lng": "-93.9727360",
    "address": "606 Elm Ave",
    "city": "Waverly",
    "state": "MN",
    "zip": "55390-0278",
    "website": "http://www.stmarys-waverly.net/",
    "phone": "(763) 658-4319",
    "id": 149
  },
  {
    "name": "St Mary Catholic Church",
    "lat": "44.9521469",
    "lng": "-93.0887720",
    "address": "261 8th St E",
    "city": "Saint Paul",
    "state": "MN",
    "zip": "55101-2307",
    "website": "http://www.stmarystpaul.parishesonline.com",
    "phone": "(651) 222-2619",
    "id": 150
  },
  {
    "name": "St Mary Catholic Church",
    "lat": "44.3915840",
    "lng": "-93.7302782",
    "address": "165 Waterville Ave N",
    "city": "Le Center",
    "state": "MN",
    "zip": "56057-1524",
    "website": "http://www.stmarysthenry.org/",
    "phone": "(507) 357-6633",
    "id": 151
  },
  {
    "name": "St Mary Catholic Church",
    "lat": "44.6036990",
    "lng": "-92.9356380",
    "address": "8433 239th St E",
    "city": "Hampton",
    "state": "MN",
    "zip": "55031-9766",
    "website": "http://stmarysnewtrier.com",
    "phone": "(651) 437-5546",
    "id": 152
  },
  {
    "name": "St Mary of Czestochowa Catholic Church",
    "lat": "45.0144930",
    "lng": "-93.8510880",
    "address": "1867 95th St SE",
    "city": "Delano",
    "state": "MN",
    "zip": "55328-8208",
    "website": "http://www.stboniface-stmary.org",
    "phone": "(763) 955-1139",
    "id": 153
  },
  {
    "name": "St Mary of the Lake Catholic Church",
    "lat": "45.0848350",
    "lng": "-93.0159690",
    "address": "4741 Bald Eagle Ave",
    "city": "White Bear Lake",
    "state": "MN",
    "zip": "55110-3441",
    "website": "http://www.stmarys-wbl.org",
    "phone": "(651) 429-7771",
    "id": 154
  },
  {
    "name": "St Mary of the Lake Catholic Church",
    "lat": "44.9806760",
    "lng": "-93.4300300",
    "address": "105 Forestview Ln N",
    "city": "Plymouth",
    "state": "MN",
    "zip": "55441-5910",
    "website": "https://smlplymouth.org/",
    "phone": "(763) 545-1443",
    "id": 155
  },
  {
    "name": "St Mary of the Purification Campus of Ss Joachim and Anne Catholic Church",
    "lat": "44.7195580",
    "lng": "-93.5438840",
    "address": "15850 Marystown Rd",
    "city": "Shakopee",
    "state": "MN",
    "zip": "55379-9341",
    "website": "http://www.shakopeecatholic.org",
    "phone": "(952) 445-1319",
    "id": 156
  },
  {
    "name": "St Mathias Catholic Church",
    "lat": "44.6109925",
    "lng": "-93.0014137",
    "address": "23315 Northfield Blvd",
    "city": "Hampton",
    "state": "MN",
    "zip": "55031-9667",
    "website": "http://www.stmathias.com",
    "phone": "(651) 437-9030",
    "id": 157
  },
  {
    "name": "St Matthew Catholic Church",
    "lat": "44.9306664",
    "lng": "-93.0864300",
    "address": "490 Hall Ave",
    "city": "Saint Paul",
    "state": "MN",
    "zip": "55107-2845",
    "website": "http://www.st-matts.org",
    "phone": "(651) 224-9793",
    "id": 158
  },
  {
    "name": "St Michael Catholic Church",
    "lat": "44.2723895",
    "lng": "-92.9907503",
    "address": "108 Bullis St",
    "city": "Kenyon",
    "state": "MN",
    "zip": "55946-1156",
    "website": "",
    "phone": "(507) 789-6120",
    "id": 159
  },
  {
    "name": "St Michael Catholic Church",
    "lat": "44.6295880",
    "lng": "-93.1559300",
    "address": "22120 Denmark Avenue",
    "city": "Farmington",
    "state": "MN",
    "zip": "55024",
    "website": "http://www.stmichael-farmington.org",
    "phone": "(651) 463-3360",
    "id": 160
  },
  {
    "name": "St Michael Catholic Church",
    "lat": "44.7123990",
    "lng": "-93.4301430",
    "address": "16311 Duluth Ave SE",
    "city": "Prior Lake",
    "state": "MN",
    "zip": "55372-2423",
    "website": "http://www.stmichael-pl.org",
    "phone": "(952) 447-2491",
    "id": 161
  },
  {
    "name": "St Michael Catholic Church",
    "lat": "45.0509310",
    "lng": "-92.8059080",
    "address": "611 3rd St S",
    "city": "Stillwater",
    "state": "MN",
    "zip": "55082-4908",
    "website": "http://www.stmichaelstillwater.org",
    "phone": "(651) 439-4400",
    "id": 162
  },
  {
    "name": "St Michael Catholic Church",
    "lat": "45.2157220",
    "lng": "-93.6584340",
    "address": "11300 Frankfort Pkwy NE",
    "city": "Saint Michael",
    "state": "MN",
    "zip": "55376-4550",
    "website": "http://www.stmcatholicchurch.org/",
    "phone": "(763) 497-2745",
    "id": 163
  },
  {
    "name": "St Michael Catholic Church",
    "lat": "44.1983195",
    "lng": "-92.6525838",
    "address": "451 5th St SW",
    "city": "Pine Island",
    "state": "MN",
    "zip": "55963-6761",
    "website": "http://www.stpaulstmichael.com/",
    "phone": "(507) 356-4280",
    "id": 164
  },
  {
    "name": "St Nicholas Catholic Church",
    "lat": "44.5728393",
    "lng": "-93.3513008",
    "address": "51 Church St",
    "city": "Elko New Market",
    "state": "MN",
    "zip": "55054-6500",
    "website": "http://www.stncc.net/",
    "phone": "(952) 461-2403",
    "id": 165
  },
  {
    "name": "St Nicholas Catholic Church",
    "lat": "44.7612140",
    "lng": "-93.6307860",
    "address": "412 4th St W",
    "city": "Carver",
    "state": "MN",
    "zip": "55315-0133",
    "website": "http://www.stnicholascarver.org",
    "phone": "(952) 448-2345",
    "id": 166
  },
  {
    "name": "St Odilia Catholic Church",
    "lat": "45.0476554",
    "lng": "-93.1326393",
    "address": "3495 Victoria St N",
    "city": "Shoreview",
    "state": "MN",
    "zip": "55126-3813",
    "website": "http://www.stodilia.org",
    "phone": "(651) 484-6681",
    "id": 167
  },
  {
    "name": "St Olaf Catholic Church",
    "lat": "44.9746909",
    "lng": "-93.2701156",
    "address": "215 S 8th St",
    "city": "Minneapolis",
    "state": "MN",
    "zip": "55402-2803",
    "website": "http://www.saintolaf.org",
    "phone": "(612) 332-7471",
    "id": 168
  },
  {
    "name": "St Pascal Baylon Catholic Church",
    "lat": "44.9561015",
    "lng": "-93.0260214",
    "address": "1757 Conway St",
    "city": "Saint Paul",
    "state": "MN",
    "zip": "55106-5929",
    "website": "http://www.stpascalbaylon.com",
    "phone": "(651) 774-1585",
    "id": 169
  },
  {
    "name": "St Patrick Catholic Church",
    "lat": "44.9742040",
    "lng": "-93.0819390",
    "address": "1095 DeSoto St",
    "city": "Saint Paul",
    "state": "MN",
    "zip": "55130-3704",
    "website": "",
    "phone": "(651) 774-8675",
    "id": 170
  },
  {
    "name": "St Patrick Catholic Church",
    "lat": "45.3309308",
    "lng": "-93.3168179",
    "address": "19921 Nightingale St NW",
    "city": "Oak Grove",
    "state": "MN",
    "zip": "55011-9243",
    "website": "http://www.st-patricks.org",
    "phone": "(763) 753-2011",
    "id": 171
  },
  {
    "name": "St Patrick Catholic Church",
    "lat": "44.5956290",
    "lng": "-93.5004130",
    "address": "24425 Old Hwy 13 Blvd",
    "city": "Jordan",
    "state": "MN",
    "zip": "55352-9604",
    "website": "http://www.stpandc.mn.org",
    "phone": "(952) 492-6276",
    "id": 172
  },
  {
    "name": "St Patrick Catholic Church",
    "lat": "44.3641867",
    "lng": "-93.4126093",
    "address": "7525 Dodd Rd",
    "city": "Faribault",
    "state": "MN",
    "zip": "55021-7431",
    "website": "",
    "phone": "(507) 334-6002",
    "id": 173
  },
  {
    "name": "St Patrick Catholic Church",
    "lat": "44.8797229",
    "lng": "-93.3796996",
    "address": "6820 St. Patrick's Lane",
    "city": "Edina",
    "state": "MN",
    "zip": "55439-1631",
    "website": "http://www.stpatrick-edina.org",
    "phone": "(952) 941-3164",
    "id": 174
  },
  {
    "name": "St Patrick Catholic Church",
    "lat": "44.8453320",
    "lng": "-93.0333040",
    "address": "3535 72nd St E",
    "city": "Inver Grove Heights",
    "state": "MN",
    "zip": "55076-2627",
    "website": "http://www.churchofstpatrick.com",
    "phone": "(651) 455-6624",
    "id": 175
  },
  {
    "name": "St Paul Catholic Church",
    "lat": "44.2902731",
    "lng": "-92.6691658",
    "address": "749 Main St S",
    "city": "Zumbrota",
    "state": "MN",
    "zip": "55992-1608",
    "website": "http://www.stpaulstmichael.com/",
    "phone": "(507) 732-5324",
    "id": 176
  },
  {
    "name": "St Paul Catholic Church",
    "lat": "45.2188398",
    "lng": "-93.2257854",
    "address": "1740 Bunker Lake Blvd NE",
    "city": "Ham Lake",
    "state": "MN",
    "zip": "55304-7040",
    "website": "http://www.churchofsaintpaul.com",
    "phone": "(763) 757-6910",
    "id": 177
  },
  {
    "name": "St Peter Campus of St Maximilian Kolbe Catholic Church",
    "lat": "45.0382972",
    "lng": "-93.7878155",
    "address": "217 2nd St S",
    "city": "Delano",
    "state": "MN",
    "zip": "55328-0470",
    "website": "http://www.delanocatholic.com",
    "phone": "(763) 972-2077",
    "id": 178
  },
  {
    "name": "St Peter Catholic Church",
    "lat": "45.0198996",
    "lng": "-92.9922896",
    "address": "2600 Margaret St N",
    "city": "North Saint Paul",
    "state": "MN",
    "zip": "55109-2361",
    "website": "http://www.churchofstpeternsp.org",
    "phone": "(651) 777-8304",
    "id": 179
  },
  {
    "name": "St Peter Catholic Church",
    "lat": "44.8857350",
    "lng": "-93.1683380",
    "address": "1405 Sibley Memorial Hwy",
    "city": "Mendota",
    "state": "MN",
    "zip": "55150",
    "website": "http://www.stpetersmendota.org",
    "phone": "(651) 452-4550",
    "id": 180
  },
  {
    "name": "St Peter Catholic Church",
    "lat": "45.2657060",
    "lng": "-92.9757730",
    "address": "1250 Shore Dr S",
    "city": "Forest Lake",
    "state": "MN",
    "zip": "55025-1933",
    "website": "http://www.stpeterfl.org",
    "phone": "(651) 982-2200",
    "id": 181
  },
  {
    "name": "St Peter Catholic Church",
    "lat": "44.8809560",
    "lng": "-93.2794150",
    "address": "6730 Nicollet Ave",
    "city": "Richfield",
    "state": "MN",
    "zip": "55423-2464",
    "website": "http://www.stpetersrichfield.org",
    "phone": "(612) 866-5089",
    "id": 182
  },
  {
    "name": "St Peter Claver Catholic Church",
    "lat": "44.9524720",
    "lng": "-93.1444540",
    "address": "369 Oxford St N",
    "city": "Saint Paul",
    "state": "MN",
    "zip": "55104-4734",
    "website": "http://www.spcchurch.org",
    "phone": "(651) 646-1797",
    "id": 183
  },
  {
    "name": "St Pius V Catholic Church",
    "lat": "44.5048657",
    "lng": "-92.9059057",
    "address": "410 Colvill St W",
    "city": "Cannon Falls",
    "state": "MN",
    "zip": "55009-2441",
    "website": "http://www.stpiusvcf.org",
    "phone": "(507) 263-2578",
    "id": 184
  },
  {
    "name": "St Pius X Catholic Church",
    "lat": "45.0583150",
    "lng": "-93.0192040",
    "address": "3878 Highland Ave",
    "city": "White Bear Lake",
    "state": "MN",
    "zip": "55110-4240",
    "website": "http://www.churchofstpiusx.org/",
    "phone": "(651) 429-5337",
    "id": 185
  },
  {
    "name": "St Raphael Catholic Church",
    "lat": "45.0539950",
    "lng": "-93.3748720",
    "address": "7301 Bass Lake Rd",
    "city": "Crystal",
    "state": "MN",
    "zip": "55428-3826",
    "website": "http://www.straphaelcrystal.org",
    "phone": "(763) 537-8401",
    "id": 186
  },
  {
    "name": "St Richard Catholic Church",
    "lat": "44.8664420",
    "lng": "-93.3103900",
    "address": "7540 Penn Ave S",
    "city": "Richfield",
    "state": "MN",
    "zip": "55423-3629",
    "website": "http://www.strichards.com",
    "phone": "(612) 869-2426",
    "id": 187
  },
  {
    "name": "St Rita Catholic Church",
    "lat": "44.8342140",
    "lng": "-92.9320730",
    "address": "8694 80th St S",
    "city": "Cottage Grove",
    "state": "MN",
    "zip": "55016-2012",
    "website": "http://www.saintritas.org",
    "phone": "(651) 459-4596",
    "id": 188
  },
  {
    "name": "St Rose of Lima Catholic Church",
    "lat": "45.0040400",
    "lng": "-93.1553200",
    "address": "2048 Hamline Ave N",
    "city": "Roseville",
    "state": "MN",
    "zip": "55113-5855",
    "website": "http://www.saintroseoflima.net",
    "phone": "(651) 645-9389",
    "id": 189
  },
  {
    "name": "St Scholastica Campus of St Wenceslaus",
    "lat": "44.4904540",
    "lng": "-93.6262978",
    "address": "31525 181st Ave",
    "city": "New Prague",
    "state": "MN",
    "zip": "56071-4474",
    "website": "http://saintwenceslaus.org",
    "phone": "(952) 758-4292",
    "id": 190
  },
  {
    "name": "St Stanislaus Catholic Church",
    "lat": "44.9356830",
    "lng": "-93.1164290",
    "address": "398 Superior St",
    "city": "Saint Paul",
    "state": "MN",
    "zip": "55102-2925",
    "website": "",
    "phone": "(651) 292-0303",
    "id": 191
  },
  {
    "name": "St Stephen Catholic Church",
    "lat": "44.9603414",
    "lng": "-93.2714873",
    "address": "2211 Clinton Ave S",
    "city": "Minneapolis",
    "state": "MN",
    "zip": "55404-3656",
    "website": "http://www.ststephenscatholic.org/",
    "phone": "(612) 767-2430",
    "id": 192
  },
  {
    "name": "St Stephen Catholic Church",
    "lat": "45.1992010",
    "lng": "-93.3824379",
    "address": "525 Jackson St",
    "city": "Anoka",
    "state": "MN",
    "zip": "55303-2353",
    "website": "http://www.ststephenchurch.org",
    "phone": "(763) 421-2471",
    "id": 193
  },
  {
    "name": "St Therese Catholic Church",
    "lat": "44.9401960",
    "lng": "-93.5097950",
    "address": "18323 Minnetonka Blvd",
    "city": "Deephaven",
    "state": "MN",
    "zip": "55391-3231",
    "website": "http://www.st-therese.org",
    "phone": "(952) 473-4422",
    "id": 194
  },
  {
    "name": "St Thomas Aquinas Catholic Church",
    "lat": "44.8411485",
    "lng": "-92.9881222",
    "address": "920 Holley Ave",
    "city": "Saint Paul Park",
    "state": "MN",
    "zip": "55071-1418",
    "website": "http://www.st-thomas-aquinas.com",
    "phone": "(651) 459-2131",
    "id": 195
  },
  {
    "name": "St Thomas Becket Catholic Church",
    "lat": "44.7955750",
    "lng": "-93.1097920",
    "address": "4455 S Robert Trl",
    "city": "Eagan",
    "state": "MN",
    "zip": "55123-2038",
    "website": "",
    "phone": "(651) 683-9808",
    "id": 196
  },
  {
    "name": "St Thomas More Catholic Church",
    "lat": "44.9414887",
    "lng": "-93.1455284",
    "address": "1079 Summit Ave",
    "city": "Saint Paul",
    "state": "MN",
    "zip": "55105-3004",
    "website": "http://www.morecommunity.org",
    "phone": "(651) 227-7669",
    "id": 197
  },
  {
    "name": "St Thomas the Apostle Catholic Church",
    "lat": "44.9238100",
    "lng": "-93.3165719",
    "address": "2914 W 44th St",
    "city": "Minneapolis",
    "state": "MN",
    "zip": "55410-1551",
    "website": "http://www.stthomasmpls.org/",
    "phone": "(612) 922-0041",
    "id": 198
  },
  {
    "name": "St Thomas the Apostle Catholic Church",
    "lat": "45.0946891",
    "lng": "-93.5451391",
    "address": "20000 County Rd 10",
    "city": "Corcoran",
    "state": "MN",
    "zip": "55340-9501",
    "website": "http://www.churchofstthomas.org",
    "phone": "(763) 420-2385",
    "id": 199
  },
  {
    "name": "St Timothy Catholic Church",
    "lat": "45.2297698",
    "lng": "-94.0018706",
    "address": "8 Oak Ave N",
    "city": "Maple Lake",
    "state": "MN",
    "zip": "55358-2457",
    "website": "http://www.churchofsttimothy.org",
    "phone": "(320) 963-3726",
    "id": 200
  },
  {
    "name": "St Timothy Catholic Church",
    "lat": "45.1330400",
    "lng": "-93.2525239",
    "address": "707 89th Ave NE",
    "city": "Blaine",
    "state": "MN",
    "zip": "55434-2304",
    "website": "http://www.churchofsttimothy.com",
    "phone": "(763) 784-1329",
    "id": 201
  },
  {
    "name": "St Victoria Catholic Church",
    "lat": "44.8560790",
    "lng": "-93.6618690",
    "address": "8228 Victoria Dr",
    "city": "Victoria",
    "state": "MN",
    "zip": "55386-9692",
    "website": "http://www.stvictoria.net",
    "phone": "(952) 443-2661",
    "id": 202
  },
  {
    "name": "St Vincent de Paul Campus of Cathedral of Saint Paul",
    "lat": "44.9611200",
    "lng": "-93.1152400",
    "address": "651 Virginia St",
    "city": "Saint Paul",
    "state": "MN",
    "zip": "55103-1758",
    "website": "http://www.svdpchurch.org",
    "phone": "(651) 488-6737",
    "id": 203
  },
  {
    "name": "St Vincent de Paul Catholic Church",
    "lat": "45.1242159",
    "lng": "-93.3993880",
    "address": "9100 93rd Ave N",
    "city": "Brooklyn Park",
    "state": "MN",
    "zip": "55445-1407",
    "website": "http://www.saintvdp.org",
    "phone": "(763) 425-2210",
    "id": 204
  },
  {
    "name": "St Wenceslaus Catholic Church",
    "lat": "44.61641884",
    "lng": "-93.66366386",
    "address": "215 Main St E",
    "city": "New Prague",
    "state": "MN",
    "zip": "56071",
    "website": "https://npcatholic.org/",
    "phone": "(952) 758-3225 ",
    "id": 205
  },
  {
    "name": "St William Catholic Church",
    "lat": "45.0799305",
    "lng": "-93.2606717",
    "address": "6120 5th St NE",
    "city": "Fridley",
    "state": "MN",
    "zip": "55432-5033",
    "website": "http://www.stwilliams.com",
    "phone": "(763) 571-5600",
    "id": 206
  },
  {
    "name": "Transfiguration Catholic Church",
    "lat": "44.9699140",
    "lng": "-92.9831100",
    "address": "6133 15th St N",
    "city": "Oakdale",
    "state": "MN",
    "zip": "55128-4201",
    "website": "http://www.transfigurationmn.org",
    "phone": "(651) 738-2646",
    "id": 207
  }
]
